EXPEDIENTE,RUC,NOMBRE,FECHA_CONSTITUCION,TIPO,PAÍS,PROVINCIA,CIUDAD,ÚLTIMO BALANCE,CIIU NIVEL 1,CIIU NIVEL 6,anio,ingresos_totales,costos_ventas_prod,gastos_admin_ventas,gastos_financieros,utilidad_neta,deuda_total,deuda_total_c_plazo,n_empleados,empresa_nueva,margen_neto
49665,1791316347001,ABRODESIVOS DEL ECUADOR S.A.,31/05/1996,ANÓNIMA,ECUADOR,PICHINCHA,SANGOLQUÍ,2025,G,G4719.00,2018,15963023.8,9561955.84,1113007.07,393087.69,996788.55,4613142.38,758787.99,80,0,0.062443592297344
49665,1791316347001,ABRODESIVOS DEL ECUADOR S.A.,31/05/1996,ANÓNIMA,ECUADOR,PICHINCHA,SANGOLQUÍ,2025,G,G4719.00,2019,15776152.0,9829047.5,660906.61,466908.53,1146033.51,3795057.54,1343092.15,78,0,0.0726434120310199
49665,1791316347001,ABRODESIVOS DEL ECUADOR S.A.,31/05/1996,ANÓNIMA,ECUADOR,PICHINCHA,SANGOLQUÍ,2025,G,G4719.00,2020,14691014.6,8640564.4,514432.21,385154.07,1069216.71,1176980.26,871687.88,92,0,0.0727803177052182
49665,1791316347001,ABRODESIVOS DEL ECUADOR S.A.,31/05/1996,ANÓNIMA,ECUADOR,PICHINCHA,SANGOLQUÍ,2025,G,G4719.00,2021,18930596.9,11433281.52,953921.1,296527.68,1100777.05,4459744.77,1412408.78,88,0,0.0581480370542357
49665,1791316347001,ABRODESIVOS DEL ECUADOR S.A.,31/05/1996,ANÓNIMA,ECUADOR,PICHINCHA,SANGOLQUÍ,2025,G,G4719.00,2022,18712843.0,13233675.05,3121564.65,335315.28,1153749.48,1007715.06,0.0,90,0,0.0616554886929794
49665,1791316347001,ABRODESIVOS DEL ECUADOR S.A.,31/05/1996,ANÓNIMA,ECUADOR,PICHINCHA,SANGOLQUÍ,2025,G,G4719.00,2023,17947695.19,11737968.7,3894092.24,438235.4,1109896.99,2700304.11,0.0,93,0,0.061840641834524
49665,1791316347001,ABRODESIVOS DEL ECUADOR S.A.,31/05/1996,ANÓNIMA,ECUADOR,PICHINCHA,SANGOLQUÍ,2025,G,G4719.00,2024,18541227.63,12001844.06,4224868.96,420127.12,1122900.41,2580163.93,0.0,90,0,0.060562355007342
49665,1791316347001,ABRODESIVOS DEL ECUADOR S.A.,31/05/1996,ANÓNIMA,ECUADOR,PICHINCHA,SANGOLQUÍ,2025,G,G4719.00,2025,18951097.44,13040415.39,4317029.16,470555.54,709187.47,2836480.92,0.0,95,0,0.0374219737007483
139571,1792319900001,ESCOLLANOS MEDICAMENTOS BIOLOGICOS CIA. LTDA.,23/06/2011,RESPONSABILIDAD LIMITADA,ECUADOR,PICHINCHA,QUITO,2025,G,G4772.01,2018,2201020.07,677841.0,264695.64,45623.71,110489.12,273431.23,78599.33,40,0,0.0501990515697569
139571,1792319900001,ESCOLLANOS MEDICAMENTOS BIOLOGICOS CIA. LTDA.,23/06/2011,RESPONSABILIDAD LIMITADA,ECUADOR,PICHINCHA,QUITO,2025,G,G4772.01,2019,2430491.14,627370.34,360577.1,66973.74,115176.2,405621.54,223594.0,45,0,0.0473880353252388
139571,1792319900001,ESCOLLANOS MEDICAMENTOS BIOLOGICOS CIA. LTDA.,23/06/2011,RESPONSABILIDAD LIMITADA,ECUADOR,PICHINCHA,QUITO,2025,G,G4772.01,2020,3070414.39,934163.91,436582.95,63801.91,130608.48,429565.96,279364.52,49,0,0.0425377370642143
139571,1792319900001,ESCOLLANOS MEDICAMENTOS BIOLOGICOS CIA. LTDA.,23/06/2011,RESPONSABILIDAD LIMITADA,ECUADOR,PICHINCHA,QUITO,2025,G,G4772.01,2021,3828627.85,1332174.37,572411.68,54809.65,113488.05,428374.35,198219.97,63,0,0.0296419642875449
139571,1792319900001,ESCOLLANOS MEDICAMENTOS BIOLOGICOS CIA. LTDA.,23/06/2011,RESPONSABILIDAD LIMITADA,ECUADOR,PICHINCHA,QUITO,2025,G,G4772.01,2022,3782386.73,882689.53,2638847.52,71635.01,116594.09,380654.65,0.0,60,0,0.030825533802568
139571,1792319900001,ESCOLLANOS MEDICAMENTOS BIOLOGICOS CIA. LTDA.,23/06/2011,RESPONSABILIDAD LIMITADA,ECUADOR,PICHINCHA,QUITO,2025,G,G4772.01,2023,3992960.5,759246.98,2906592.25,126290.34,119645.65,344141.01,0.0,65,0,0.0299641456508272
139571,1792319900001,ESCOLLANOS MEDICAMENTOS BIOLOGICOS CIA. LTDA.,23/06/2011,RESPONSABILIDAD LIMITADA,ECUADOR,PICHINCHA,QUITO,2025,G,G4772.01,2024,4361597.11,898267.67,3089429.22,139951.67,144057.85,0.0,0.0,78,0,0.033028692556154
139571,1792319900001,ESCOLLANOS MEDICAMENTOS BIOLOGICOS CIA. LTDA.,23/06/2011,RESPONSABILIDAD LIMITADA,ECUADOR,PICHINCHA,QUITO,2025,G,G4772.01,2025,4659773.88,1004327.18,3127933.6,120679.07,110759.56,301264.77,0.0,70,0,0.0237692992948404
161380,1792191858001,ECUACOBRANZAS S.A.,22/04/2009,ANÓNIMA,ECUADOR,PICHINCHA,QUITO,2025,N,N8291.01,2018,1465955.53,0.0,53762.22,64589.21,56153.87,592550.1,277901.15,50,0,0.0383053024807648
161380,1792191858001,ECUACOBRANZAS S.A.,22/04/2009,ANÓNIMA,ECUADOR,PICHINCHA,QUITO,2025,N,N8291.01,2019,1226714.85,0.0,59340.78,45421.62,1083950.67,387265.55,146299.18,13,0,0.8836207289738115
161380,1792191858001,ECUACOBRANZAS S.A.,22/04/2009,ANÓNIMA,ECUADOR,PICHINCHA,QUITO,2025,N,N8291.01,2020,525353.02,0.0,38699.5,10148.06,0.0,276582.44,115196.1,72,0,0.0
161380,1792191858001,ECUACOBRANZAS S.A.,22/04/2009,ANÓNIMA,ECUADOR,PICHINCHA,QUITO,2025,N,N8291.01,2021,780858.24,0.0,29126.15,32280.49,6692.57,194080.5,96168.04,40,0,0.0085707874453626
161380,1792191858001,ECUACOBRANZAS S.A.,22/04/2009,ANÓNIMA,ECUADOR,PICHINCHA,QUITO,2025,N,N8291.01,2022,1019987.3,294540.07,681244.46,28294.77,7435.91,72719.07,0.0,5,0,0.0072901986132572
161380,1792191858001,ECUACOBRANZAS S.A.,22/04/2009,ANÓNIMA,ECUADOR,PICHINCHA,QUITO,2025,N,N8291.01,2023,749983.64,159889.63,568664.31,9914.97,3693.7,60046.0,145134.96,1,0,0.0049250407648892
161380,1792191858001,ECUACOBRANZAS S.A.,22/04/2009,ANÓNIMA,ECUADOR,PICHINCHA,QUITO,2025,N,N8291.01,2024,1146948.33,230707.78,901865.18,0.0,7293.39,0.0,3833.67,50,0,0.0063589525432239
161380,1792191858001,ECUACOBRANZAS S.A.,22/04/2009,ANÓNIMA,ECUADOR,PICHINCHA,QUITO,2025,N,N8291.01,2025,1264891.81,217235.44,1037395.4,3821.05,3418.71,0.0,2635.92,34,0,0.0027027687055701
163112,1792209366001,COMPAÑIA DE AUTOMATIZACION INDUSTRIAL EUROINSTRUMENTS INGENIERIA CIA. LTDA.,18/06/2009,RESPONSABILIDAD LIMITADA,ECUADOR,PICHINCHA,QUITO,2025,G,G4690.00,2018,3275628.95,1753724.5,876294.88,4351.73,403631.51,0.0,0.0,20,0,0.1232225982127798
163112,1792209366001,COMPAÑIA DE AUTOMATIZACION INDUSTRIAL EUROINSTRUMENTS INGENIERIA CIA. LTDA.,18/06/2009,RESPONSABILIDAD LIMITADA,ECUADOR,PICHINCHA,QUITO,2025,G,G4690.00,2019,3177526.7,1756987.54,829789.61,10894.89,366217.06,27.0,0.0,21,0,0.1152522369048858
163112,1792209366001,COMPAÑIA DE AUTOMATIZACION INDUSTRIAL EUROINSTRUMENTS INGENIERIA CIA. LTDA.,18/06/2009,RESPONSABILIDAD LIMITADA,ECUADOR,PICHINCHA,QUITO,2025,G,G4690.00,2020,3375558.78,2017585.94,798454.6,9433.17,346346.16,0.0,0.0,22,0,0.102604096854151
163112,1792209366001,COMPAÑIA DE AUTOMATIZACION INDUSTRIAL EUROINSTRUMENTS INGENIERIA CIA. LTDA.,18/06/2009,RESPONSABILIDAD LIMITADA,ECUADOR,PICHINCHA,QUITO,2025,G,G4690.00,2021,3795191.13,2353823.19,729839.95,5429.01,363012.1,0.0,0.0,23,0,0.0956505450095737
163112,1792209366001,COMPAÑIA DE AUTOMATIZACION INDUSTRIAL EUROINSTRUMENTS INGENIERIA CIA. LTDA.,18/06/2009,RESPONSABILIDAD LIMITADA,ECUADOR,PICHINCHA,QUITO,2025,G,G4690.00,2022,3477668.74,1970476.86,889728.29,9117.68,381478.04,0.0,0.0,22,0,0.1096936104385836
163112,1792209366001,COMPAÑIA DE AUTOMATIZACION INDUSTRIAL EUROINSTRUMENTS INGENIERIA CIA. LTDA.,18/06/2009,RESPONSABILIDAD LIMITADA,ECUADOR,PICHINCHA,QUITO,2025,G,G4690.00,2023,4266950.72,2657738.94,1048851.06,0.0,349405.16,0.0,4475.53,21,0,0.0818863827890658
163112,1792209366001,COMPAÑIA DE AUTOMATIZACION INDUSTRIAL EUROINSTRUMENTS INGENIERIA CIA. LTDA.,18/06/2009,RESPONSABILIDAD LIMITADA,ECUADOR,PICHINCHA,QUITO,2025,G,G4690.00,2024,4252539.07,2465565.67,1081984.19,2400.34,440017.09,0.0,0.0,28,0,0.103471616076181
163112,1792209366001,COMPAÑIA DE AUTOMATIZACION INDUSTRIAL EUROINSTRUMENTS INGENIERIA CIA. LTDA.,18/06/2009,RESPONSABILIDAD LIMITADA,ECUADOR,PICHINCHA,QUITO,2025,G,G4690.00,2025,4871205.19,2748173.72,1293285.1,6295.32,516631.98,0.0,0.0,22,0,0.1060583489811891
